epoch,time,train/box_loss,train/pose_loss,train/kobj_loss,train/cls_loss,train/dfl_loss,metrics/precision(B),metrics/recall(B),metrics/mAP50(B),metrics/mAP50-95(B),metrics/precision(P),metrics/recall(P),metrics/mAP50(P),metrics/mAP50-95(P),val/box_loss,val/pose_loss,val/kobj_loss,val/cls_loss,val/dfl_loss,lr/pg0,lr/pg1,lr/pg2
1,6.14239,2.78587,7.74127,0.72883,3.69488,2.57188,0.88462,0.37705,0.34658,0.12685,0,0,0,0,2.16084,9.17608,0.67542,1.63287,2.06555,0.00028,0.00028,0.00028
2,9.48465,2.0965,7.45814,0.64606,2.12567,1.95153,0.2,0.09836,0.01966,0.0036,0,0,0,0,2.2498,9.06283,0.65102,2.14419,2.18867,0.000576172,0.000576172,0.000576172
3,12.7531,1.61105,7.14526,0.58607,1.66142,1.62453,0.09756,0.06557,0.00634,0.00111,0,0,0,0,2.26031,9.12058,0.61402,2.3015,2.35482,0.000868384,0.000868384,0.000868384
4,16.0354,1.62684,7.23952,0.52225,1.98646,1.69129,0.42857,0.19672,0.10484,0.01681,0,0,0,0,2.4031,9.06641,0.55921,1.65156,2.6512,0.00115664,0.00115664,0.00115664
5,19.2923,1.79615,7.09764,0.51412,2.1147,1.87069,0.125,0.09836,0.01462,0.00528,0,0,0,0,2.19276,9.00959,0.48603,2.32261,2.58747,0.00144093,0.00144093,0.00144093
6,22.5811,1.74067,7.36559,0.45923,1.92581,1.72341,0.375,0.4918,0.18563,0.05057,0,0,0,0,1.94511,9.16063,0.45192,4.7808,2.35058,0.00172126,0.00172126,0.00172126
7,25.8142,1.69759,7.01878,0.46889,1.77174,1.71802,0.83333,0.7377,0.65635,0.13067,0,0,0,0,2.17528,9.21135,0.3794,1.78731,2.54461,0.0019208,0.0019208,0.0019208
8,29.2373,1.61208,7.19703,0.4339,1.62382,1.68748,0.75,0.09836,0.07833,0.0325,0,0,0,0,1.97865,9.09103,0.25739,2.25139,2.36685,0.0019076,0.0019076,0.0019076
9,32.5305,1.72571,6.89542,0.41524,1.72905,1.79633,0.84883,0.78689,0.72033,0.21539,0,0,0,0,1.89238,9.09619,0.18727,2.03472,2.19269,0.0018944,0.0018944,0.0018944
10,35.9374,1.52618,7.29408,0.36623,1.46827,1.59166,0.2807,0.2623,0.11502,0.04641,0,0,0,0,2.21142,8.80194,0.15571,2.13939,2.59101,0.0018812,0.0018812,0.0018812
11,39.2479,1.60226,7.00476,0.37553,2.33681,1.5863,0.2807,0.2623,0.11502,0.04641,0,0,0,0,2.21142,8.80194,0.15571,2.13939,2.59101,0.001868,0.001868,0.001868
12,42.5683,1.63,6.99859,0.36605,1.79618,1.68585,0.32692,0.27869,0.17352,0.06437,0,0,0,0,2.06294,8.56439,0.15554,2.07032,2.24643,0.0018548,0.0018548,0.0018548
13,45.856,1.57459,6.95623,0.34255,1.79723,1.63562,0.84906,0.7377,0.70185,0.26681,0,0,0,0,1.77157,8.63674,0.12286,2.00776,1.82368,0.0018416,0.0018416,0.0018416
14,49.307,1.61272,6.8894,0.37587,1.91529,1.65409,0.91304,0.34426,0.32945,0.1042,0,0,0,0,1.79193,8.78514,0.13446,1.63601,1.80332,0.0018284,0.0018284,0.0018284
15,52.6528,1.4872,7.0639,0.33183,1.65404,1.54441,0.92308,0.19672,0.19038,0.06251,0,0,0,0,1.78794,8.83383,0.13116,1.51943,1.81744,0.0018152,0.0018152,0.0018152
16,56.0379,1.56069,7.00318,0.32752,1.60018,1.5824,0.83333,0.7377,0.70134,0.2386,0,0,0,0,1.71638,9.00475,0.11521,1.54355,1.76554,0.001802,0.001802,0.001802
17,59.4457,1.48893,6.81514,0.29911,1.4688,1.53687,0.90698,0.63934,0.61539,0.18236,0,0,0,0,1.76025,9.03203,0.1131,1.88303,1.78161,0.0017888,0.0017888,0.0017888
18,62.8175,1.43976,6.71291,0.28918,1.50802,1.57067,0.74286,0.42623,0.37362,0.06795,0,0,0,0,1.96503,9.07137,0.09642,4.89449,1.95669,0.0017756,0.0017756,0.0017756
19,66.2293,1.39543,6.87148,0.23765,1.37548,1.48967,0.80851,0.62295,0.53963,0.14622,0,0,0,0,1.89108,9.12307,0.103,2.14324,1.88837,0.0017624,0.0017624,0.0017624
20,69.6036,1.437,6.77796,0.28849,1.38761,1.48154,0.63415,0.42623,0.33448,0.13791,0,0,0,0,2.0381,9.08166,0.1356,1.68129,2.00604,0.0017492,0.0017492,0.0017492
21,72.9979,1.40153,6.84184,0.27093,1.46029,1.48669,0.83333,0.57377,0.51875,0.15782,0,0,0,0,1.91392,8.92987,0.11292,1.46204,1.92258,0.001736,0.001736,0.001736
22,76.3927,1.45479,6.88652,0.26623,1.4559,1.51176,0.91128,0.67357,0.69075,0.13821,0,0,0,0,1.78345,8.1741,0.05421,1.8295,1.90319,0.0017228,0.0017228,0.0017228
23,79.866,1.36317,6.66341,0.2622,1.42117,1.52187,0.83307,0.73633,0.6946,0.12245,0.03636,0.03279,0.00127,0.00013,1.75493,8.47926,0.05521,1.93371,1.90014,0.0017096,0.0017096,0.0017096
24,83.3113,1.31733,7.01029,0.26915,1.44717,1.46332,0.87137,0.7377,0.75821,0.21239,0.03528,0.03279,0.00125,0.00025,1.68567,8.25267,0.039,1.63117,1.85497,0.0016964,0.0016964,0.0016964
25,86.8027,1.29222,6.69955,0.26167,1.44604,1.40458,0.85185,0.7541,0.73188,0.18132,0.02329,0.01639,0.00042,0.00012,1.74797,8.13923,0.0354,1.48977,1.95195,0.0016832,0.0016832,0.0016832
26,90.3049,1.29076,6.61778,0.27592,1.54378,1.44793,0.92857,0.63934,0.62475,0.26415,0.02828,0.01639,0.00056,0.00011,1.64869,7.91677,0.03561,1.24656,1.80303,0.00167,0.00167,0.00167
27,93.7869,1.33704,6.76915,0.22498,1.37777,1.41563,0.92857,0.63934,0.62475,0.26415,0.02828,0.01639,0.00056,0.00011,1.64869,7.91677,0.03561,1.24656,1.80303,0.0016568,0.0016568,0.0016568
28,97.3267,1.40163,6.90852,0.20065,1.31476,1.42304,0.84615,0.72131,0.68496,0.36974,0.03932,0.03279,0.00143,0.00032,1.50312,7.82799,0.04668,1.17642,1.59965,0.0016436,0.0016436,0.0016436
29,100.999,1.28973,6.48844,0.25346,1.36769,1.45612,0.89744,0.57377,0.52167,0.26151,0,0,0,0,1.48295,8.14264,0.07627,1.4762,1.62017,0.0016304,0.0016304,0.0016304
30,104.56,1.35943,6.33173,0.24557,1.50275,1.48116,0.875,0.11475,0.10875,0.025,0,0,0,0,1.98608,8.27232,0.05653,5.01797,1.98705,0.0016172,0.0016172,0.0016172
31,108.114,1.37916,6.52119,0.26678,1.48964,1.52341,0.85185,0.7541,0.68128,0.14539,0.05556,0.04918,0.0025,0.00055,1.67087,7.92823,0.04633,1.90617,1.71868,0.001604,0.001604,0.001604
32,111.697,1.31707,6.76968,0.20427,1.39824,1.45155,0.87841,0.7377,0.73296,0.25357,0.05246,0.04918,0.00255,0.00054,1.65311,7.94033,0.03406,1.42962,1.75251,0.0015908,0.0015908,0.0015908
33,115.217,1.33207,6.81408,0.23514,1.39802,1.37847,0.875,0.68852,0.65077,0.26878,0.02221,0.01639,0.00041,0.00012,1.56279,7.8451,0.05053,1.31348,1.63898,0.0015776,0.0015776,0.0015776
34,118.714,1.30128,6.66179,0.2253,1.35777,1.38705,1,0.04918,0.045,0.02,0,0,0,0,1.63255,7.80671,0.07188,1.53661,1.69101,0.0015644,0.0015644,0.0015644
35,122.191,1.2831,6.55316,0.24256,1.37279,1.40432,1,0.06557,0.065,0.0245,0,0,0,0,1.79656,7.76673,0.07184,1.58615,1.78303,0.0015512,0.0015512,0.0015512
36,125.641,1.27961,6.40388,0.23194,1.39894,1.43459,0.85714,0.29508,0.28836,0.08016,0.04762,0.01639,0.001,0.0003,1.80778,7.7525,0.05398,1.44225,1.8277,0.001538,0.001538,0.001538
37,129.12,1.2773,6.28828,0.24309,1.39719,1.44685,0.93548,0.47541,0.46384,0.10782,0.04953,0.01639,0.00094,0.00019,1.78372,7.49124,0.03388,1.39769,1.85274,0.0015248,0.0015248,0.0015248
38,132.535,1.23925,6.2677,0.22331,1.33464,1.37226,0.91892,0.55738,0.5278,0.12245,0.04037,0.01639,0.00079,8e-05,1.75974,7.40747,0.02611,1.45672,1.83094,0.0015116,0.0015116,0.0015116
39,135.966,1.24542,6.28477,0.20902,1.31276,1.38981,0.72822,0.52459,0.40211,0.08965,0.0246,0.01639,0.00041,4e-05,1.7888,7.47707,0.02837,1.57113,1.85999,0.0014984,0.0014984,0.0014984
40,139.409,1.23478,6.24424,0.20765,1.29358,1.36429,0.84783,0.63934,0.5617,0.18329,0,0,0,0,1.61074,7.13201,0.02365,1.40855,1.71878,0.0014852,0.0014852,0.0014852
41,142.832,1.21678,6.36843,0.21654,1.28807,1.40556,0.90698,0.63934,0.62067,0.24559,0.07471,0.04918,0.00423,0.00042,1.53071,6.68839,0.01928,1.27449,1.66312,0.001472,0.001472,0.001472
42,146.227,1.19402,5.82659,0.24492,1.30761,1.353,0.90881,0.65353,0.6338,0.21718,0.1087,0.08197,0.01384,0.00189,1.6274,6.37327,0.01968,1.27497,1.74499,0.0014588,0.0014588,0.0014588
43,149.649,1.26071,6.21138,0.20454,1.33555,1.41225,0.90881,0.65353,0.6338,0.21718,0.1087,0.08197,0.01384,0.00189,1.6274,6.37327,0.01968,1.27497,1.74499,0.0014456,0.0014456,0.0014456
44,153.091,1.25418,5.82176,0.22018,1.28045,1.36099,0.875,0.68852,0.66742,0.24613,0.17131,0.13115,0.02673,0.00423,1.63841,6.21385,0.02164,1.24507,1.74909,0.0014324,0.0014324,0.0014324
45,156.521,1.31847,5.7257,0.20784,1.31176,1.39739,0.87037,0.77049,0.74719,0.31117,0.15355,0.11475,0.02187,0.00391,1.54594,6.23595,0.02659,1.27724,1.6281,0.0014192,0.0014192,0.0014192
46,159.943,1.28435,5.96986,0.28036,1.31123,1.45898,0.86465,0.77049,0.74684,0.22303,0.16071,0.14754,0.02417,0.00341,1.72782,6.1642,0.02721,1.4391,1.79065,0.001406,0.001406,0.001406
47,163.415,1.22922,5.6379,0.17638,1.27636,1.41689,0.9,0.7377,0.70627,0.12951,0.26644,0.21311,0.06353,0.00773,1.89776,5.91177,0.02627,1.56715,2.00135,0.0013928,0.0013928,0.0013928
48,166.863,1.19322,5.70339,0.23246,1.23782,1.35646,0.86538,0.7377,0.7215,0.19144,0.16801,0.13115,0.02698,0.00312,1.721,5.89482,0.02082,1.56997,1.80062,0.0013796,0.0013796,0.0013796
49,170.325,1.17429,5.48764,0.28247,1.23882,1.38373,0.87037,0.77049,0.75648,0.24948,0.35843,0.2623,0.12861,0.02192,1.62242,5.88133,0.01906,1.69381,1.70389,0.0013664,0.0013664,0.0013664
50,173.829,1.17348,5.52216,0.21847,1.20054,1.33597,0.88235,0.7377,0.72076,0.24109,0.29412,0.2459,0.10773,0.02014,1.6804,5.92264,0.01952,1.51783,1.74514,0.0013532,0.0013532,0.0013532
51,177.301,1.18095,5.49501,0.21044,1.22929,1.3577,0.89796,0.72131,0.71045,0.31544,0.20408,0.16393,0.05381,0.01102,1.53284,5.90647,0.01947,1.18382,1.60076,0.00134,0.00134,0.00134
52,180.742,1.13414,5.11746,0.21321,1.23367,1.35774,0.88636,0.63934,0.6253,0.23264,0.15909,0.11475,0.0205,0.00324,1.62311,6.01378,0.01964,1.21662,1.6793,0.0013268,0.0013268,0.0013268
53,184.195,1.23427,5.33549,0.21768,1.30199,1.41049,0.90698,0.63934,0.62568,0.18966,0.28159,0.16393,0.12685,0.01368,1.79603,5.91771,0.01885,1.52288,1.85227,0.0013136,0.0013136,0.0013136
54,187.659,1.20174,5.05042,0.25811,1.31403,1.42337,0.88636,0.63934,0.62434,0.28964,0.31829,0.09836,0.0668,0.00766,1.55379,5.93428,0.01735,1.25511,1.65294,0.0013004,0.0013004,0.0013004
55,191.216,1.08505,5.21618,0.19982,1.18367,1.25468,0.88889,0.65574,0.6455,0.30688,0.25318,0.11475,0.05324,0.00867,1.51226,5.74875,0.01556,1.10636,1.60773,0.0012872,0.0012872,0.0012872
56,194.711,1.18268,5.36158,0.23239,1.23835,1.39643,0.88889,0.65574,0.65203,0.19767,0.33812,0.2459,0.11253,0.02266,1.74282,5.31462,0.01489,1.25472,1.82132,0.001274,0.001274,0.001274
57,198.197,1.19791,5.22327,0.22314,1.16625,1.36765,0.91489,0.70492,0.69679,0.19794,0.48936,0.37705,0.22424,0.05279,1.73059,5.10574,0.01462,1.26765,1.78488,0.0012608,0.0012608,0.0012608
58,201.711,1.1814,5.25653,0.24646,1.17898,1.41243,0.86297,0.72131,0.70909,0.3011,0.39216,0.32787,0.16476,0.04272,1.49475,5.09683,0.01594,1.17043,1.57106,0.0012476,0.0012476,0.0012476
59,205.173,1.20148,5.03827,0.27072,1.37254,1.39869,0.86297,0.72131,0.70909,0.3011,0.39216,0.32787,0.16476,0.04272,1.49475,5.09683,0.01594,1.17043,1.57106,0.0012344,0.0012344,0.0012344
60,208.648,1.14819,5.12488,0.2314,1.25314,1.41433,0.88235,0.7377,0.71431,0.24981,0.37255,0.31148,0.13551,0.0384,1.61775,5.03106,0.01779,1.21751,1.66769,0.0012212,0.0012212,0.0012212
61,212.129,1.09983,4.93631,0.18798,1.21311,1.29028,0.84906,0.7377,0.70404,0.23685,0.35849,0.31148,0.12462,0.03448,1.64908,5.01065,0.02007,1.22969,1.70752,0.001208,0.001208,0.001208
62,215.642,1.1275,4.81527,0.18808,1.1964,1.32761,0.84906,0.7377,0.70822,0.27645,0.32075,0.27869,0.09998,0.02709,1.59714,4.97371,0.01934,1.149,1.67225,0.0011948,0.0011948,0.0011948
63,219.109,1.18373,5.05814,0.21662,1.25747,1.37458,0.85455,0.77049,0.74733,0.32108,0.30909,0.27869,0.08657,0.02696,1.53624,5.0121,0.01759,1.07382,1.6289,0.0011816,0.0011816,0.0011816
64,222.576,1.21438,4.98659,0.18182,1.19932,1.40088,0.84906,0.7377,0.72369,0.38523,0.26415,0.22951,0.06769,0.02249,1.43087,5.03446,0.01555,1.0273,1.54772,0.0011684,0.0011684,0.0011684
65,226.118,1.09806,4.7174,0.20535,1.18632,1.32791,0.91304,0.68852,0.68144,0.36452,0.35276,0.2459,0.10534,0.03344,1.46875,4.84134,0.01407,1.02543,1.56805,0.0011552,0.0011552,0.0011552
66,229.558,1.15144,4.84616,0.20708,1.15118,1.37918,0.97891,0.63934,0.6536,0.30774,0.3965,0.27869,0.17736,0.04515,1.5378,4.84506,0.01301,1.05335,1.62896,0.001142,0.001142,0.001142
67,233.027,1.10514,4.88248,0.17897,1.2329,1.33678,0.86,0.70492,0.6982,0.30879,0.46,0.37705,0.22486,0.04534,1.57693,4.80112,0.01134,1.08378,1.67466,0.0011288,0.0011288,0.0011288
68,236.486,1.15803,4.62487,0.1859,1.12919,1.33794,0.86275,0.72131,0.71122,0.3592,0.45098,0.37705,0.20367,0.03755,1.42779,4.83299,0.01363,1.02843,1.52602,0.0011156,0.0011156,0.0011156
69,239.915,1.11004,4.74873,0.22293,1.28714,1.34093,0.90038,0.65574,0.64734,0.35476,0.39254,0.27869,0.16358,0.02466,1.32594,4.98037,0.01713,0.98103,1.44123,0.0011024,0.0011024,0.0011024
70,243.35,1.23131,4.87068,0.23839,1.27615,1.49657,0.90698,0.63934,0.63286,0.32457,0.32558,0.22951,0.10704,0.02051,1.41373,5.10192,0.0209,1.0309,1.50659,0.0010892,0.0010892,0.0010892
71,246.798,1.10357,4.65665,0.19526,1.16821,1.31746,0.92857,0.63934,0.63223,0.3458,0.33333,0.22951,0.07875,0.01454,1.34103,5.11252,0.02106,0.98314,1.46749,0.001076,0.001076,0.001076
72,250.267,1.16617,4.73866,0.21283,1.19863,1.34151,0.94702,0.63934,0.634,0.3634,0.45609,0.31148,0.14844,0.02949,1.29836,4.73682,0.01904,0.93937,1.43516,0.0010628,0.0010628,0.0010628
73,253.739,1.07204,4.60495,0.18858,1.14899,1.28072,0.96953,0.63934,0.65253,0.34752,0.47426,0.32787,0.16635,0.03786,1.36415,4.62378,0.01576,0.95304,1.47708,0.0010496,0.0010496,0.0010496
74,257.225,1.10519,4.82818,0.18745,1.14093,1.31457,0.87985,0.72131,0.71582,0.29494,0.43137,0.36066,0.17548,0.05402,1.55144,4.44197,0.01431,1.07135,1.65384,0.0010364,0.0010364,0.0010364
75,260.782,1.16519,4.6899,0.23245,1.28509,1.38859,0.87985,0.72131,0.71582,0.29494,0.43137,0.36066,0.17548,0.05402,1.55144,4.44197,0.01431,1.07135,1.65384,0.0010232,0.0010232,0.0010232
76,264.314,1.1111,4.54683,0.22687,1.18244,1.36473,0.88,0.72131,0.71531,0.25919,0.44,0.36066,0.17582,0.04245,1.66252,4.45819,0.01333,1.06879,1.75896,0.00101,0.00101,0.00101
77,267.799,1.10923,4.81827,0.20506,1.14536,1.30913,0.89362,0.68852,0.68013,0.28504,0.49327,0.32787,0.17616,0.04274,1.52223,4.4872,0.01404,0.99587,1.61951,0.0009968,0.0009968,0.0009968
78,271.279,1.06936,4.61779,0.1998,1.17183,1.28661,0.96447,0.63934,0.63475,0.33594,0.46727,0.31148,0.15204,0.04906,1.30288,4.55057,0.01362,0.93116,1.45433,0.0009836,0.0009836,0.0009836
79,274.842,1.11732,4.57773,0.20174,1.07783,1.28097,0.90698,0.63934,0.63275,0.36156,0.46512,0.32787,0.15854,0.03789,1.24958,4.58133,0.01264,0.94522,1.42218,0.0009704,0.0009704,0.0009704
80,278.592,1.07886,4.35517,0.20211,1.08948,1.31669,0.8913,0.67213,0.66869,0.37893,0.51328,0.36066,0.21709,0.05037,1.31655,4.47312,0.01272,0.96435,1.47517,0.0009572,0.0009572,0.0009572
81,282.201,1.0987,4.64639,0.22339,1.17614,1.34487,0.89796,0.72131,0.7175,0.29313,0.46939,0.37705,0.20443,0.0526,1.57838,4.52412,0.01379,1.04904,1.68327,0.000944,0.000944,0.000944
82,285.756,1.14986,4.29642,0.21195,1.15538,1.41925,0.91667,0.72131,0.71725,0.26236,0.39583,0.31148,0.13406,0.03854,1.68939,4.71202,0.01344,1.13421,1.77768,0.0009308,0.0009308,0.0009308
83,289.305,1.09655,4.18605,0.18537,1.06967,1.32406,0.8913,0.67213,0.6699,0.29649,0.3933,0.29508,0.13007,0.03399,1.52128,4.7035,0.01256,1.09553,1.61542,0.0009176,0.0009176,0.0009176
84,292.779,1.10825,4.32842,0.20664,1.13511,1.367,0.9677,0.63934,0.65178,0.35571,0.55556,0.40984,0.29278,0.06573,1.3413,4.38343,0.013,1.00983,1.48035,0.0009044,0.0009044,0.0009044
85,296.314,1.09458,4.26646,0.2324,1.16339,1.33065,0.95011,0.6244,0.63451,0.35924,0.54882,0.36066,0.27257,0.08399,1.33648,4.57133,0.0139,0.95999,1.48542,0.0008912,0.0008912,0.0008912
86,299.906,1.08995,4.05777,0.23369,1.04382,1.34694,0.92803,0.62295,0.63377,0.33573,0.5,0.36066,0.25707,0.07101,1.40459,4.71832,0.01519,0.9598,1.53781,0.000878,0.000878,0.000878
87,303.388,1.13543,4.25744,0.20537,1.12695,1.35479,0.90909,0.65574,0.65192,0.28506,0.67283,0.44262,0.36913,0.11593,1.54235,4.08097,0.01492,1.01196,1.64331,0.0008648,0.0008648,0.0008648
88,306.905,0.9996,4.17523,0.18712,1.09067,1.29768,0.95018,0.63934,0.63451,0.25045,0.60465,0.42623,0.29973,0.07607,1.59455,4.11061,0.01337,1.04806,1.69518,0.0008516,0.0008516,0.0008516
89,310.418,1.07592,4.16267,0.17863,1.09239,1.30129,0.91111,0.67213,0.67119,0.2837,0.49127,0.36066,0.22733,0.06916,1.5212,4.1834,0.01256,1.04594,1.62473,0.0008384,0.0008384,0.0008384
90,313.932,1.10029,4.14575,0.19721,1.09854,1.31892,0.91003,0.66334,0.67158,0.3245,0.66667,0.52459,0.43228,0.12146,1.38116,3.94443,0.01172,0.99224,1.51053,0.0008252,0.0008252,0.0008252
91,317.508,1.04217,3.95072,0.1942,1.11608,1.30945,0.91003,0.66334,0.67158,0.3245,0.66667,0.52459,0.43228,0.12146,1.38116,3.94443,0.01172,0.99224,1.51053,0.000812,0.000812,0.000812
92,321.104,1.04681,3.91014,0.20774,1.10359,1.32681,0.95777,0.63934,0.67143,0.3309,0.70833,0.55738,0.45234,0.14268,1.43505,3.78223,0.01144,0.98391,1.54521,0.0007988,0.0007988,0.0007988
93,324.692,1.13543,4.09971,0.21022,1.1181,1.35471,0.89362,0.68852,0.68076,0.24965,0.65957,0.5082,0.3831,0.12494,1.74064,3.76269,0.01113,1.04536,1.81472,0.0007856,0.0007856,0.0007856
94,328.175,1.13387,4.02643,0.21358,1.09516,1.39212,0.95898,0.63934,0.65243,0.21975,0.75,0.54098,0.44856,0.13718,1.86334,3.64338,0.01056,1.0828,1.93664,0.0007724,0.0007724,0.0007724
95,331.692,1.0587,4.03638,0.20087,1.15971,1.31573,0.95179,0.63934,0.6521,0.25222,0.73795,0.4918,0.39529,0.14029,1.72946,3.60136,0.01056,1.02355,1.80351,0.0007592,0.0007592,0.0007592
96,335.159,1.08317,3.9436,0.21136,1.12011,1.33698,0.94076,0.65574,0.65305,0.29421,0.82473,0.59016,0.5553,0.16388,1.57483,3.52811,0.01024,0.97456,1.66488,0.000746,0.000746,0.000746
97,338.651,1.07071,3.73688,0.18411,1.04328,1.28063,0.97558,0.65506,0.65354,0.31042,0.82985,0.59016,0.54953,0.16726,1.53388,3.45791,0.00986,0.96968,1.63257,0.0007328,0.0007328,0.0007328
98,342.248,1.08326,3.7853,0.2074,1.0428,1.31062,0.94775,0.63934,0.65285,0.30174,0.835,0.58083,0.54224,0.15435,1.57544,3.5149,0.0099,0.99665,1.6707,0.0007196,0.0007196,0.0007196
99,345.744,1.03328,3.92128,0.17648,1.10037,1.27811,0.97472,0.63223,0.65253,0.3066,0.82222,0.60656,0.56729,0.20077,1.58019,3.3489,0.00966,1.00445,1.67549,0.0007064,0.0007064,0.0007064
100,349.317,1.0317,3.92072,0.21443,1.13289,1.32443,0.97469,0.63137,0.65253,0.33814,0.8,0.59016,0.53199,0.20893,1.48427,3.34122,0.01102,0.97355,1.58953,0.0006932,0.0006932,0.0006932
101,352.92,1.08715,3.82066,0.20636,1.10355,1.32711,0.95186,0.62295,0.65229,0.37185,0.8,0.59016,0.5245,0.17748,1.31783,3.5379,0.01136,0.95396,1.46019,0.00068,0.00068,0.00068
102,356.483,1.05574,3.90328,0.22553,1.06818,1.33431,0.92225,0.63934,0.65078,0.41482,0.73333,0.54098,0.43779,0.1381,1.19351,3.73527,0.01304,0.91309,1.37191,0.0006668,0.0006668,0.0006668
103,360.065,1.06002,3.81887,0.19219,1.02367,1.24018,0.88889,0.65574,0.65003,0.41566,0.82222,0.60656,0.54076,0.18904,1.17806,3.50456,0.01283,0.91053,1.36003,0.0006536,0.0006536,0.0006536
104,363.672,1.08268,3.94127,0.21162,1.07166,1.31266,0.91133,0.63934,0.6335,0.38835,0.8357,0.59016,0.53728,0.20382,1.2522,3.40132,0.01236,0.92147,1.41431,0.0006404,0.0006404,0.0006404
105,367.161,0.99665,3.62549,0.17839,1.04118,1.2885,0.90698,0.63934,0.63197,0.35518,0.88372,0.62295,0.60594,0.2334,1.35154,3.282,0.01208,0.95265,1.49729,0.0006272,0.0006272,0.0006272
106,370.659,0.99853,3.7386,0.20236,1.19081,1.30916,0.90698,0.63934,0.63257,0.35081,0.7907,0.55738,0.51737,0.14254,1.37613,3.55382,0.01246,0.97626,1.52762,0.000614,0.000614,0.000614
107,374.14,1.03904,3.78404,0.18986,1.062,1.30582,0.90698,0.63934,0.63257,0.35081,0.7907,0.55738,0.51737,0.14254,1.37613,3.55382,0.01246,0.97626,1.52762,0.0006008,0.0006008,0.0006008
108,377.602,1.05264,3.9529,0.21989,1.10202,1.3346,0.90698,0.63934,0.63305,0.34468,0.74419,0.52459,0.42042,0.08636,1.34707,3.7609,0.01255,0.95809,1.51143,0.0005876,0.0005876,0.0005876
109,381.079,1.01371,3.66491,0.20775,1.10983,1.26959,0.93845,0.63934,0.63062,0.34598,0.81814,0.55738,0.49258,0.13621,1.35157,3.4944,0.01139,0.94644,1.51233,0.0005744,0.0005744,0.0005744
110,384.542,0.98592,3.60588,0.18505,1.06027,1.26281,0.93898,0.63934,0.62748,0.34949,0.86675,0.59016,0.54758,0.18673,1.33709,3.23965,0.01111,0.9316,1.50149,0.0005612,0.0005612,0.0005612
111,388.013,1.00494,3.50776,0.20572,1.04716,1.25052,0.93897,0.63934,0.6271,0.33645,0.92307,0.62295,0.61795,0.23982,1.3836,3.00143,0.01114,0.92503,1.52289,0.000548,0.000548,0.000548
112,391.517,1.00414,3.34185,0.20877,1.04148,1.28759,0.90909,0.65574,0.64748,0.30813,0.91993,0.62295,0.62026,0.27092,1.51758,2.90351,0.011,0.98872,1.61632,0.0005348,0.0005348,0.0005348
113,395.034,1.0773,3.71468,0.22993,1.12325,1.33386,0.92979,0.65133,0.65235,0.27206,0.91576,0.62295,0.62194,0.28328,1.67452,2.83303,0.01072,1.06447,1.74809,0.0005216,0.0005216,0.0005216
114,398.536,1.03058,3.47178,0.18683,1.05724,1.30014,0.92983,0.65176,0.6536,0.26966,0.91178,0.62295,0.62242,0.27074,1.67547,2.79548,0.01063,1.06078,1.74188,0.0005084,0.0005084,0.0005084
115,401.993,1.03713,3.25129,0.19098,1.02123,1.27744,0.92988,0.65225,0.6536,0.31135,0.90559,0.62295,0.61972,0.27631,1.52516,2.77243,0.01102,0.99935,1.61754,0.0004952,0.0004952,0.0004952
116,405.456,1.02169,3.6423,0.1947,1.03973,1.27836,0.93392,0.63934,0.65318,0.3442,0.90567,0.62295,0.61972,0.28248,1.39301,2.76564,0.01111,0.9221,1.5172,0.000482,0.000482,0.000482
117,409.01,1.05073,3.50987,0.20057,1.0708,1.27948,0.90909,0.65574,0.65318,0.37623,0.90291,0.62295,0.61779,0.26185,1.32147,2.85966,0.01129,0.89805,1.46408,0.0004688,0.0004688,0.0004688
118,412.57,0.9612,3.46683,0.22191,1.04565,1.27525,0.91111,0.67213,0.67144,0.37679,0.90303,0.62295,0.62645,0.25663,1.33938,2.93756,0.01154,0.90091,1.48745,0.0004556,0.0004556,0.0004556
119,416.043,1.04529,3.5985,0.1952,1.05277,1.27083,0.91111,0.67213,0.67183,0.39284,0.90141,0.63934,0.626,0.25873,1.32166,2.92786,0.0124,0.8859,1.47351,0.0004424,0.0004424,0.0004424
120,419.658,1.03821,3.41838,0.19625,1.07512,1.2715,0.92777,0.65574,0.65335,0.41831,0.90458,0.63934,0.62371,0.26442,1.24725,2.90138,0.01293,0.84611,1.41257,0.0004292,0.0004292,0.0004292
121,423.255,1.0967,3.33215,0.18443,1.07436,1.31667,0.9264,0.65574,0.65427,0.43527,0.90324,0.63934,0.62424,0.24819,1.15001,2.94683,0.01339,0.83843,1.3338,0.000416,0.000416,0.000416
122,426.855,1.01087,3.51271,0.2252,1.05097,1.32123,0.92364,0.65574,0.65427,0.45114,0.90055,0.63934,0.62235,0.22931,1.11901,3.107,0.01459,0.85532,1.3218,0.0004028,0.0004028,0.0004028
123,430.305,1.00145,3.49904,0.20824,1.13874,1.29812,0.92364,0.65574,0.65427,0.45114,0.90055,0.63934,0.62235,0.22931,1.11901,3.107,0.01459,0.85532,1.3218,0.0003896,0.0003896,0.0003896
124,433.782,1.03418,3.57525,0.21092,1.15308,1.25411,0.91976,0.65574,0.65312,0.44158,0.87377,0.62295,0.60797,0.21266,1.14491,3.26175,0.01543,0.8896,1.34114,0.0003764,0.0003764,0.0003764
125,437.25,0.98265,3.30202,0.18555,1.07601,1.28877,0.91939,0.65574,0.65312,0.45754,0.85018,0.60656,0.59008,0.21514,1.13573,3.27118,0.01537,0.90702,1.33565,0.0003632,0.0003632,0.0003632
126,440.711,0.96622,3.30979,0.16243,1.02684,1.21843,0.92972,0.6507,0.65335,0.46233,0.88292,0.61823,0.61325,0.25054,1.09779,3.05396,0.01478,0.88285,1.32138,0.00035,0.00035,0.00035
127,444.273,1.02043,3.43744,0.19487,1.03863,1.28871,0.96609,0.63934,0.65293,0.45459,0.91017,0.60656,0.6139,0.25854,1.11443,3.02788,0.01456,0.87636,1.33073,0.0003368,0.0003368,0.0003368
128,447.844,1.01255,3.48895,0.20322,1.10546,1.28134,0.96027,0.63934,0.65318,0.44441,0.90558,0.60656,0.61605,0.27316,1.1307,2.98907,0.01438,0.86381,1.33939,0.0003236,0.0003236,0.0003236
129,451.452,1.07665,3.31996,0.17782,1.06785,1.33148,0.94822,0.63934,0.65278,0.44375,0.89644,0.60656,0.61764,0.24134,1.10511,3.08666,0.01483,0.85626,1.32431,0.0003104,0.0003104,0.0003104
130,454.907,0.98883,3.33263,0.1974,1.0649,1.28359,0.9515,0.63934,0.65278,0.44815,0.86667,0.63934,0.62868,0.27025,1.09093,2.97273,0.01413,0.85026,1.31713,0.0002972,0.0002972,0.0002972
131,458.484,0.984,3.20798,0.20222,1.01382,1.29486,0.95663,0.63934,0.635,0.43498,0.90187,0.62295,0.62116,0.27885,1.09471,2.92712,0.01365,0.83959,1.31908,0.000284,0.000284,0.000284
132,461.933,0.92974,3.00795,0.16871,0.97092,1.21171,0.92815,0.63934,0.635,0.43061,0.9042,0.62295,0.62275,0.30757,1.13581,2.80089,0.0131,0.8358,1.3408,0.0002708,0.0002708,0.0002708
133,465.522,1.01746,3.484,0.20549,1.0997,1.25962,0.9362,0.63934,0.635,0.41513,0.90236,0.62295,0.62296,0.33188,1.17971,2.74193,0.01329,0.82827,1.37117,0.0002576,0.0002576,0.0002576
134,469.14,0.96003,3.14408,0.20471,0.9241,1.28327,0.92473,0.63934,0.63354,0.41104,0.92334,0.62295,0.62327,0.35079,1.20523,2.68335,0.01335,0.83478,1.38861,0.0002444,0.0002444,0.0002444
135,472.725,0.9851,3.31939,0.23364,1.09659,1.33698,0.90909,0.65574,0.65218,0.4173,0.92681,0.62278,0.62327,0.35671,1.2163,2.62375,0.01339,0.83356,1.39421,0.0002312,0.0002312,0.0002312
136,476.333,0.95388,3.10702,0.1973,0.92309,1.2376,0.90909,0.65574,0.65172,0.42237,0.92558,0.61173,0.62327,0.38097,1.20626,2.53849,0.01302,0.83267,1.38348,0.000218,0.000218,0.000218
137,479.96,0.98509,3.38922,0.21924,1.10598,1.27429,0.90909,0.65574,0.65172,0.42239,0.96429,0.60656,0.62327,0.38246,1.18786,2.50793,0.01283,0.81673,1.36901,0.0002048,0.0002048,0.0002048
138,483.572,0.95722,3.33138,0.1784,1.04976,1.2755,0.90909,0.65574,0.65243,0.42439,0.97338,0.59956,0.62423,0.37417,1.15193,2.48883,0.01333,0.81871,1.34429,0.0001916,0.0001916,0.0001916
139,487.017,1.01972,3.24757,0.24612,1.06051,1.31324,0.90909,0.65574,0.65243,0.42439,0.97338,0.59956,0.62423,0.37417,1.15193,2.48883,0.01333,0.81871,1.34429,0.0001784,0.0001784,0.0001784
140,490.511,0.95447,3.1102,0.1803,0.98148,1.21747,0.92711,0.63934,0.634,0.42717,0.90333,0.62295,0.6235,0.36745,1.13578,2.48892,0.01348,0.82204,1.33495,0.0001652,0.0001652,0.0001652
141,494.789,0.85125,2.73785,0.05943,0.9814,1.20266,0.92805,0.63934,0.63425,0.43703,0.90414,0.62295,0.62302,0.34405,1.12104,2.54104,0.01337,0.82212,1.32656,0.000152,0.000152,0.000152
142,498.27,0.89491,2.82812,0.04483,0.98388,1.25724,0.93551,0.63934,0.63425,0.43894,0.90711,0.62295,0.62302,0.3176,1.1192,2.6125,0.01285,0.82075,1.32364,0.0001388,0.0001388,0.0001388
143,501.726,0.86096,2.8109,0.06242,0.95452,1.21514,0.93023,0.65574,0.6536,0.44215,0.90552,0.62295,0.62302,0.29081,1.11336,2.70313,0.01312,0.82427,1.31997,0.0001256,0.0001256,0.0001256
144,505.174,0.90236,2.86536,0.06208,0.99758,1.22691,0.93023,0.65574,0.6536,0.43882,0.91362,0.62295,0.62302,0.28102,1.11717,2.7395,0.01311,0.82594,1.32428,0.0001124,0.0001124,0.0001124
145,508.611,0.9423,2.95557,0.0652,0.97292,1.28262,0.93023,0.65574,0.6536,0.43555,0.91358,0.62295,0.62302,0.27797,1.12142,2.73941,0.01262,0.83072,1.32874,9.92e-05,9.92e-05,9.92e-05
146,512.029,0.82172,2.83873,0.04411,0.96618,1.25283,0.93023,0.65574,0.6536,0.44111,0.91055,0.62295,0.62302,0.27671,1.10882,2.74758,0.01294,0.8378,1.32295,8.6e-05,8.6e-05,8.6e-05
147,515.49,0.88659,2.79863,0.03409,0.96372,1.24578,0.93023,0.65574,0.6536,0.44116,0.91205,0.62295,0.62302,0.30926,1.1047,2.68552,0.01295,0.82973,1.32122,7.28e-05,7.28e-05,7.28e-05
148,518.967,0.87179,2.86982,0.06939,0.96557,1.24773,0.93023,0.65574,0.6536,0.43631,0.91178,0.62295,0.62302,0.32231,1.10637,2.62158,0.01273,0.82821,1.32152,5.96e-05,5.96e-05,5.96e-05
149,522.447,0.81452,2.7991,0.05763,0.93188,1.21335,0.93023,0.65574,0.6536,0.44467,0.90552,0.62295,0.62302,0.32956,1.10078,2.61821,0.0128,0.83107,1.31974,4.64e-05,4.64e-05,4.64e-05
150,525.878,0.91089,2.80501,0.05534,0.96405,1.28778,0.93023,0.65574,0.6536,0.44788,0.90717,0.62295,0.62302,0.32319,1.09947,2.62549,0.01265,0.83107,1.3177,3.32e-05,3.32e-05,3.32e-05
