epoch,time,train/box_loss,train/cls_loss,train/dfl_loss,train/angle_loss,metrics/precision(B),metrics/recall(B),metrics/mAP50(B),metrics/mAP50-95(B),val/box_loss,val/cls_loss,val/dfl_loss,val/angle_loss,lr/pg0,lr/pg1,lr/pg2
1,2.93781,1.88529,3.60376,2.57718,0.49606,0.0145,0.29508,0.00438,0.00138,1.33412,3.38986,2.5558,0.15498,6e-05,6e-05,6e-05
2,3.90233,1.64831,3.3918,2.44247,0.40842,0.03428,0.86885,0.03668,0.01708,1.18508,2.83537,2.39469,0.18585,0.000138614,0.000138614,0.000138614
3,5.09738,1.33,2.42823,2.26157,0.28647,0.6006,0.7541,0.65912,0.36803,1.1324,1.54365,1.98138,0.2225,0.000215644,0.000215644,0.000215644
4,6.20472,1.20344,1.51092,1.99142,0.24491,0.97147,0.98361,0.99468,0.72347,0.99792,0.90767,1.76304,0.18234,0.00029109,0.00029109,0.00029109
5,7.26908,1.1147,1.13776,1.81861,0.27098,0.99632,1,0.995,0.72868,0.94091,0.83397,1.74877,0.16846,0.000364952,0.000364952,0.000364952
6,8.32143,1.07932,0.89899,1.87405,0.24622,0.99875,1,0.995,0.77186,0.87491,0.71087,1.77998,0.14396,0.00043723,0.00043723,0.00043723
7,9.39492,1.00616,0.80085,1.94936,0.25372,0.99924,1,0.995,0.78079,0.85834,0.64454,1.83552,0.13951,0.000507924,0.000507924,0.000507924
8,10.498,0.98925,0.72273,1.94206,0.26086,1,0.99973,0.995,0.79034,0.85877,0.71007,1.75617,0.14064,0.000577034,0.000577034,0.000577034
9,11.5382,0.98913,0.72254,1.86556,0.23997,0.99908,1,0.995,0.76938,0.83834,0.70253,1.76593,0.13806,0.00064456,0.00064456,0.00064456
10,12.5724,0.91641,0.66486,1.79801,0.21647,0.99898,1,0.995,0.76987,0.8687,0.70515,1.69039,0.16506,0.000710502,0.000710502,0.000710502
11,13.6192,0.91338,0.63263,1.77569,0.22834,0.9988,1,0.995,0.81022,0.82649,0.68158,1.6503,0.13139,0.00077486,0.00077486,0.00077486
12,14.7487,0.89541,0.64711,1.74905,0.20599,0.99877,1,0.995,0.81943,0.80351,0.62926,1.65175,0.12025,0.000837634,0.000837634,0.000837634
13,15.8021,0.90927,0.61906,1.7366,0.19594,0.9982,1,0.995,0.8123,0.78474,0.63208,1.64696,0.12225,0.000898824,0.000898824,0.000898824
14,16.832,0.90117,0.64075,1.6689,0.14067,0.99891,1,0.995,0.81694,0.78274,0.60489,1.65089,0.10844,0.00095843,0.00095843,0.00095843
15,17.8767,0.80787,0.61061,1.68075,0.1531,0.99874,1,0.995,0.78646,0.81413,0.57525,1.61165,0.11725,0.00101645,0.00101645,0.00101645
16,18.8937,0.85258,0.58982,1.64225,0.14972,0.99872,1,0.995,0.78515,0.78642,0.559,1.61002,0.11608,0.00107289,0.00107289,0.00107289
17,19.9279,0.79685,0.58659,1.62966,0.13211,0.99883,1,0.995,0.82097,0.7319,0.55558,1.62775,0.12334,0.00112774,0.00112774,0.00112774
18,20.9829,0.76618,0.57121,1.64956,0.11015,0.99891,1,0.995,0.82813,0.72266,0.543,1.58974,0.12484,0.00118101,0.00118101,0.00118101
19,22.0231,0.74193,0.53987,1.56035,0.12329,0.99901,1,0.995,0.81323,0.70858,0.54591,1.56485,0.10958,0.0012327,0.0012327,0.0012327
20,23.0569,0.75365,0.54155,1.5814,0.10024,0.99903,1,0.995,0.84618,0.66233,0.50201,1.53961,0.08596,0.0012828,0.0012828,0.0012828
21,24.0956,0.73886,0.53889,1.59554,0.08362,0.99907,1,0.995,0.87051,0.63716,0.50972,1.49146,0.07455,0.00133132,0.00133132,0.00133132
22,25.1344,0.73242,0.54832,1.53778,0.09874,0.99893,1,0.995,0.86912,0.64936,0.48505,1.47087,0.0752,0.00137825,0.00137825,0.00137825
23,26.166,0.74208,0.53319,1.53883,0.09761,1,1,0.995,0.87009,0.56844,0.45494,1.46545,0.06027,0.0014236,0.0014236,0.0014236
24,27.19,0.75573,0.54431,1.59507,0.08486,0.99887,1,0.995,0.87909,0.56447,0.44473,1.46085,0.04373,0.00146737,0.00146737,0.00146737
25,28.3293,0.69108,0.50789,1.59176,0.08809,0.99903,1,0.995,0.85713,0.62427,0.47545,1.43653,0.04424,0.00150955,0.00150955,0.00150955
26,29.3791,0.77544,0.53053,1.54404,0.07789,0.99909,1,0.995,0.86829,0.58055,0.45573,1.43256,0.05025,0.001505,0.001505,0.001505
27,30.4578,0.69219,0.51196,1.54083,0.09109,0.99903,1,0.995,0.88558,0.55391,0.4292,1.4599,0.05135,0.0014852,0.0014852,0.0014852
28,31.5263,0.71949,0.5278,1.56579,0.079,0.99901,1,0.995,0.87042,0.56445,0.42167,1.45636,0.04647,0.0014654,0.0014654,0.0014654
29,32.5713,0.72462,0.51263,1.53436,0.08978,0.99912,1,0.995,0.88651,0.56523,0.41871,1.40805,0.04838,0.0014456,0.0014456,0.0014456
30,33.6635,0.74,0.51658,1.48735,0.09458,0.99905,1,0.995,0.88467,0.55611,0.41714,1.39991,0.04718,0.0014258,0.0014258,0.0014258
31,34.7334,0.69843,0.49575,1.47392,0.08411,1,1,0.995,0.90105,0.52683,0.40103,1.42307,0.04757,0.001406,0.001406,0.001406
32,35.7914,0.65511,0.47575,1.51447,0.05925,0.99901,1,0.995,0.8954,0.50785,0.38811,1.42571,0.04083,0.0013862,0.0013862,0.0013862
33,36.8318,0.67725,0.48603,1.54402,0.06972,0.999,1,0.995,0.89634,0.50473,0.39077,1.38228,0.0389,0.0013664,0.0013664,0.0013664
34,37.8733,0.68237,0.49617,1.47127,0.08416,0.99898,1,0.995,0.90272,0.50774,0.38623,1.36952,0.03453,0.0013466,0.0013466,0.0013466
35,38.9761,0.64242,0.47159,1.41901,0.07346,0.99899,1,0.995,0.92366,0.46712,0.37564,1.38021,0.03273,0.0013268,0.0013268,0.0013268
36,40.0086,0.60804,0.47737,1.45708,0.05549,0.99901,1,0.995,0.92085,0.46077,0.36811,1.382,0.04122,0.001307,0.001307,0.001307
37,41.0455,0.57091,0.44052,1.47932,0.05399,0.99904,1,0.995,0.9197,0.474,0.36114,1.36385,0.03676,0.0012872,0.0012872,0.0012872
38,42.0606,0.61462,0.45985,1.47082,0.06807,0.99905,1,0.995,0.92232,0.45976,0.35779,1.35575,0.04404,0.0012674,0.0012674,0.0012674
39,43.09,0.61773,0.45823,1.41883,0.06098,0.99901,1,0.995,0.92534,0.43804,0.36899,1.3428,0.03085,0.0012476,0.0012476,0.0012476
40,44.1481,0.56377,0.45122,1.41859,0.05625,0.99903,1,0.995,0.92087,0.44559,0.36837,1.34524,0.02578,0.0012278,0.0012278,0.0012278
41,45.2237,0.5837,0.45705,1.44402,0.06651,0.99907,1,0.995,0.91306,0.44404,0.35906,1.35054,0.02738,0.001208,0.001208,0.001208
42,46.2499,0.51131,0.41495,1.41699,0.04932,0.99908,1,0.995,0.91185,0.42915,0.34949,1.34205,0.02975,0.0011882,0.0011882,0.0011882
43,47.2907,0.61277,0.45167,1.42138,0.06586,0.99907,1,0.995,0.91841,0.4317,0.34825,1.34501,0.02859,0.0011684,0.0011684,0.0011684
44,48.2908,0.60344,0.45871,1.42944,0.07477,0.99902,1,0.995,0.91015,0.43899,0.35518,1.3504,0.02733,0.0011486,0.0011486,0.0011486
45,49.3199,0.62043,0.45882,1.45898,0.06851,0.99897,1,0.995,0.92191,0.42725,0.3539,1.33824,0.02828,0.0011288,0.0011288,0.0011288
46,50.3562,0.57932,0.44583,1.4235,0.05637,0.99895,1,0.995,0.91526,0.43964,0.35846,1.31441,0.02386,0.001109,0.001109,0.001109
47,51.3578,0.56035,0.43758,1.41575,0.04091,0.99895,1,0.995,0.92245,0.4331,0.34368,1.31362,0.02364,0.0010892,0.0010892,0.0010892
48,52.3665,0.57174,0.43547,1.41124,0.03957,0.99895,1,0.995,0.92644,0.42342,0.33686,1.31844,0.02264,0.0010694,0.0010694,0.0010694
49,53.4278,0.54932,0.4232,1.3954,0.05315,0.99903,1,0.995,0.90199,0.43947,0.34561,1.3184,0.02849,0.0010496,0.0010496,0.0010496
50,54.4277,0.55672,0.41936,1.40235,0.05352,0.99906,1,0.995,0.92718,0.41833,0.34171,1.30859,0.02892,0.0010298,0.0010298,0.0010298
51,55.5256,0.55944,0.42858,1.37625,0.06698,0.99906,1,0.995,0.93083,0.41012,0.33798,1.30583,0.02506,0.00101,0.00101,0.00101
52,56.5658,0.57223,0.43536,1.37256,0.04044,0.999,1,0.995,0.93772,0.40609,0.32809,1.29971,0.01979,0.0009902,0.0009902,0.0009902
53,57.6127,0.56376,0.4175,1.39273,0.05684,0.99901,1,0.995,0.92038,0.41563,0.33388,1.29347,0.02325,0.0009704,0.0009704,0.0009704
54,58.6209,0.53756,0.41146,1.38558,0.04376,0.99903,1,0.995,0.92746,0.41424,0.33333,1.30288,0.02768,0.0009506,0.0009506,0.0009506
55,59.6662,0.53811,0.41621,1.37662,0.04396,0.99901,1,0.995,0.93616,0.40586,0.33178,1.3074,0.02477,0.0009308,0.0009308,0.0009308
56,60.6625,0.54502,0.42258,1.4085,0.05082,1,1,0.995,0.93109,0.41767,0.33582,1.30162,0.02718,0.000911,0.000911,0.000911
57,61.662,0.53707,0.41873,1.38278,0.03504,1,1,0.995,0.93336,0.41025,0.33653,1.28439,0.02316,0.0008912,0.0008912,0.0008912
58,62.6633,0.53853,0.41417,1.33294,0.04073,1,1,0.995,0.92354,0.41403,0.33571,1.27283,0.02129,0.0008714,0.0008714,0.0008714
59,63.664,0.56888,0.42462,1.38153,0.04594,0.99905,1,0.995,0.92195,0.41332,0.33247,1.27242,0.01918,0.0008516,0.0008516,0.0008516
60,64.7129,0.53126,0.40752,1.35482,0.04288,0.99907,1,0.995,0.93822,0.40111,0.32748,1.27316,0.02427,0.0008318,0.0008318,0.0008318
61,65.7212,0.55027,0.41654,1.38309,0.04986,0.99909,1,0.995,0.93067,0.3986,0.31959,1.27209,0.02053,0.000812,0.000812,0.000812
62,66.7205,0.56122,0.41242,1.36049,0.0469,0.99909,1,0.995,0.93917,0.4035,0.32179,1.2737,0.01741,0.0007922,0.0007922,0.0007922
63,67.7616,0.52745,0.3968,1.32358,0.05132,0.9991,1,0.995,0.93819,0.40044,0.33573,1.27823,0.02199,0.0007724,0.0007724,0.0007724
64,68.7521,0.51159,0.40929,1.35893,0.03316,0.99904,1,0.995,0.93812,0.39987,0.32382,1.26226,0.02339,0.0007526,0.0007526,0.0007526
65,69.745,0.46821,0.37084,1.31411,0.03606,0.99909,1,0.995,0.92943,0.4014,0.31686,1.24498,0.02737,0.0007328,0.0007328,0.0007328
66,70.7397,0.51441,0.38629,1.32722,0.04224,0.99909,1,0.995,0.93031,0.39758,0.31112,1.2439,0.02685,0.000713,0.000713,0.000713
67,71.764,0.55458,0.41166,1.34092,0.04104,0.99908,1,0.995,0.94194,0.38356,0.31102,1.25247,0.02659,0.0006932,0.0006932,0.0006932
68,72.8055,0.5388,0.40721,1.36608,0.03875,0.99908,1,0.995,0.95182,0.37652,0.31436,1.26551,0.01963,0.0006734,0.0006734,0.0006734
69,73.8567,0.52031,0.39002,1.3651,0.04077,0.99908,1,0.995,0.95669,0.37947,0.32118,1.26043,0.02499,0.0006536,0.0006536,0.0006536
70,74.9388,0.50028,0.39538,1.31947,0.03189,0.99907,1,0.995,0.93959,0.39416,0.3174,1.25939,0.02051,0.0006338,0.0006338,0.0006338
71,75.9696,0.52052,0.39929,1.3362,0.03513,0.99907,1,0.995,0.93667,0.39474,0.31239,1.2574,0.01884,0.000614,0.000614,0.000614
72,77.0053,0.51961,0.39783,1.33525,0.04191,0.99908,1,0.995,0.94181,0.37451,0.3049,1.26186,0.01881,0.0005942,0.0005942,0.0005942
73,78.0226,0.52395,0.39897,1.38093,0.03981,0.99905,1,0.995,0.94926,0.37103,0.30616,1.26789,0.01848,0.0005744,0.0005744,0.0005744
74,79.0222,0.47569,0.3806,1.35562,0.03571,0.99905,1,0.995,0.9532,0.36795,0.30821,1.2662,0.01846,0.0005546,0.0005546,0.0005546
75,80.0564,0.52976,0.39864,1.37112,0.04759,0.99904,1,0.995,0.94827,0.36412,0.30965,1.26062,0.02008,0.0005348,0.0005348,0.0005348
76,81.0622,0.45604,0.3741,1.29901,0.03998,0.99904,1,0.995,0.94875,0.35982,0.30736,1.25643,0.01851,0.000515,0.000515,0.000515
77,82.0834,0.47946,0.37621,1.33174,0.0372,0.99905,1,0.995,0.94895,0.35565,0.3062,1.25269,0.01685,0.0004952,0.0004952,0.0004952
78,83.1026,0.48705,0.37192,1.34912,0.03702,0.99904,1,0.995,0.95334,0.35368,0.30102,1.25643,0.01694,0.0004754,0.0004754,0.0004754
79,84.1191,0.50196,0.39385,1.34553,0.03908,0.99904,1,0.995,0.95727,0.35596,0.29769,1.25315,0.01784,0.0004556,0.0004556,0.0004556
80,85.167,0.4714,0.36007,1.34483,0.04078,0.99905,1,0.995,0.94751,0.35812,0.29511,1.24894,0.01911,0.0004358,0.0004358,0.0004358
81,86.1711,0.48914,0.37649,1.34982,0.03358,0.99905,1,0.995,0.94834,0.36317,0.29251,1.24729,0.02014,0.000416,0.000416,0.000416
82,87.178,0.53306,0.38767,1.33807,0.03777,0.99904,1,0.995,0.95003,0.36226,0.29163,1.24802,0.01951,0.0003962,0.0003962,0.0003962
83,88.1971,0.45307,0.36358,1.28656,0.02563,0.99905,1,0.995,0.95065,0.35789,0.29111,1.25125,0.01922,0.0003764,0.0003764,0.0003764
84,89.2263,0.45392,0.36445,1.32594,0.03326,0.99906,1,0.995,0.95039,0.35604,0.2901,1.25489,0.01906,0.0003566,0.0003566,0.0003566
85,90.2495,0.46061,0.36049,1.31944,0.0306,0.99906,1,0.995,0.94886,0.35464,0.28675,1.25056,0.01914,0.0003368,0.0003368,0.0003368
86,91.2629,0.45645,0.37375,1.31811,0.0282,0.99905,1,0.995,0.94671,0.35499,0.29309,1.24848,0.01826,0.000317,0.000317,0.000317
87,92.2855,0.45296,0.36094,1.29544,0.02826,0.99905,1,0.995,0.94997,0.35844,0.29307,1.24627,0.01812,0.0002972,0.0002972,0.0002972
88,93.3083,0.47822,0.3714,1.33784,0.02864,0.99904,1,0.995,0.95124,0.35539,0.29354,1.24421,0.01811,0.0002774,0.0002774,0.0002774
89,94.3458,0.47499,0.36908,1.29215,0.03311,0.99903,1,0.995,0.95676,0.35324,0.29222,1.24487,0.01821,0.0002576,0.0002576,0.0002576
90,95.386,0.46231,0.36403,1.30923,0.03096,0.99902,1,0.995,0.95765,0.34766,0.2878,1.24666,0.01825,0.0002378,0.0002378,0.0002378
91,97.3854,0.37089,0.32111,1.26347,0.02483,0.99901,1,0.995,0.95872,0.3449,0.28588,1.24402,0.01808,0.000218,0.000218,0.000218
92,98.6245,0.38694,0.33342,1.32304,0.0243,0.999,1,0.995,0.96164,0.34631,0.286,1.24115,0.01785,0.0001982,0.0001982,0.0001982
93,99.6693,0.36075,0.32312,1.26779,0.02297,0.99899,1,0.995,0.95663,0.34901,0.287,1.23832,0.01767,0.0001784,0.0001784,0.0001784
94,100.676,0.36406,0.32076,1.27123,0.01962,0.99898,1,0.995,0.9518,0.35093,0.28933,1.23602,0.0175,0.0001586,0.0001586,0.0001586
95,101.681,0.3812,0.32718,1.28876,0.0266,0.999,1,0.995,0.95027,0.35199,0.28912,1.23567,0.01746,0.0001388,0.0001388,0.0001388
96,102.663,0.35841,0.321,1.25663,0.02198,0.999,1,0.995,0.9502,0.352,0.28798,1.23584,0.01741,0.000119,0.000119,0.000119
97,103.652,0.37418,0.32305,1.274,0.01816,0.99901,1,0.995,0.9554,0.35037,0.28644,1.23628,0.01749,9.92e-05,9.92e-05,9.92e-05
98,104.713,0.36838,0.31884,1.25879,0.02153,0.99902,1,0.995,0.95291,0.35123,0.28666,1.23754,0.01759,7.94e-05,7.94e-05,7.94e-05
99,105.73,0.37079,0.32184,1.2769,0.02251,0.99903,1,0.995,0.95272,0.35072,0.28511,1.2392,0.01766,5.96e-05,5.96e-05,5.96e-05
100,106.731,0.36005,0.31609,1.26842,0.01887,0.99903,1,0.995,0.95273,0.35007,0.28476,1.23994,0.01767,3.98e-05,3.98e-05,3.98e-05
